revenue_cagr_3y,pat_cagr_3y,ebitda_margin,net_margin,roe,roce,debt_equity,interest_coverage,current_ratio,asset_turnover,receivable_days,inventory_days,promoter_stake_pre,ofs_pct,fresh_issue_pct,log_issue_size_cr,price_band_width_pct,gmp_t3,gmp_t1,nifty_30d_return,vix_at_open,sector_code,brlm_reputation_score,anchor_alloc_pct,company_age_yrs,qib_sub_multiple,hni_sub_multiple,rii_sub_multiple,overall_sub_multiple,allotment_ratio_rii,sentiment_score,news_volume_7d,profitability_score,growth_score,liquidity_score,solvency_score,efficiency_score,listing_gain_pct,risk_label,confidence_score,company_name,sector,ipo_id
18.2,22.4,24.8,16.4,28.6,32.4,0.12,18.4,2.8,1.4,42.0,8.0,55.6,100.0,0.0,8.02059914989697,5.263157894736842,88.0,95.0,6.2,14.2,9,9.2,42.0,24.0,203.4,62.1,25.3,69.4,0.08,85.0,142.0,62.652844942068924,41.81310294590836,50.0,71.98943935393694,55.726975222066386,140.3,Low,68.0,TataTechnologies,ITServices,tata_technologies_0
35.2,42.6,28.4,20.2,18.4,16.8,6.2,2.8,1.4,0.22,0.0,0.0,100.0,0.0,100.0,8.788898309344878,6.0606060606060606,75.0,82.0,4.8,13.6,4,9.5,48.0,16.0,209.4,41.5,7.5,63.6,0.06,80.0,118.0,55.84295914148032,62.703014225108646,9.999999999999998,25.415437179686286,68.35748792270532,114.0,Low,65.6,BajajHousingFinance,BFSI,bajaj_housing_finance_1
12.4,8.2,18.6,12.8,22.4,24.2,0.22,14.2,1.8,0.88,48.0,32.0,100.0,100.0,0.0,10.235342000707783,5.093833780160858,-2.0,0.0,-1.4,16.8,9,9.0,38.0,38.0,4.8,1.9,0.5,2.4,0.72,68.0,210.0,56.00578332692767,31.97920293213328,22.5,67.62540767199876,33.317749727286895,-1.3,High,55.1,HyundaiMotorIndia,Automobiles,hyundai_motor_india_2
48.6,-12.4,8.2,-18.4,-8.2,-6.4,0.28,-2.4,2.2,1.12,22.0,4.0,15.0,20.0,80.0,9.145908511816794,5.555555555555555,28.0,34.0,8.4,15.6,9,9.0,44.0,8.0,51.8,32.2,7.5,38.2,0.12,78.0,356.0,28.64601842025669,52.90164145999897,32.5,52.16027333436869,65.24855851644071,53.1,Low,50.8,ZomatoLtd,Food&Delivery,zomato_ltd_3
58.4,22.6,12.4,4.2,8.6,7.2,0.42,4.8,2.4,1.24,28.0,18.0,54.2,30.0,70.0,8.585225601808064,3.686635944700461,58.0,72.0,7.8,14.2,3,8.8,40.0,10.0,122.4,112.3,12.2,82.0,0.07,80.0,228.0,43.232305059087636,73.59416983576453,30.0,57.984935548998294,55.94514570671654,79.4,Low,56.8,FSNE-CommerceVentures(Nykaa),E-Commerce,fsn_e_commerce_ventures_nykaa_4
8.4,12.2,18.4,8.6,12.4,10.8,0.08,12.6,1.2,0.18,0.0,0.0,100.0,100.0,0.0,9.952325334619427,5.210643015521065,-4.0,-2.0,-3.2,22.4,9,8.5,36.0,65.0,2.83,2.35,1.99,2.95,0.62,55.0,480.0,47.71512553662518,30.30575975532798,10.0,66.91023450846404,67.8743961352657,-8.1,High,53.9,LifeInsuranceCorporation,Insurance,life_insurance_corporation_5
42.8,-28.4,6.4,-22.6,-12.4,-10.2,0.18,-1.8,3.2,0.96,18.0,2.0,25.2,35.0,65.0,8.635153989049803,4.25531914893617,12.0,16.0,4.2,16.4,9,8.2,38.0,8.0,22.4,18.9,3.6,16.6,0.28,72.0,165.0,24.95495570566559,42.40107477955722,55.0,53.23963348346017,66.54199781829516,17.4,Medium,47.4,PBFintech(PolicyBazaar),InsuranceTech,pb_fintech_policybazaar_6
32.4,-18.6,4.2,-14.8,-6.4,-4.8,0.62,-1.2,1.8,1.42,32.0,12.0,20.4,28.0,72.0,8.56331312702979,5.411255411255411,2.0,4.0,-2.4,18.6,9,8.0,40.0,12.0,2.82,1.58,0.4,1.63,0.8,60.0,88.0,29.46526764603414,37.827900297641236,17.5,51.44665320701972,59.19432756739909,1.2,Medium,44.6,DelhiveryLtd,Logistics,delhivery_ltd_7
68.4,-42.6,-8.4,-38.2,-28.4,-22.6,1.84,-4.2,1.2,0.82,28.0,48.0,37.0,0.0,100.0,8.72355674269043,5.555555555555555,14.0,18.0,5.6,14.8,9,7.8,42.0,6.0,8.2,3.9,1.1,4.3,0.52,82.0,312.0,9.871136345607136,57.33333333333333,7.499999999999998,42.2200652275198,34.74364968053608,20.2,Low,36.5,OlaElectricMobility,ElectricVehicles,ola_electric_mobility_8
28.4,-62.4,-12.8,-52.4,-38.6,-32.4,0.84,-6.4,1.6,0.62,14.0,2.0,18.5,60.0,40.0,9.814710982145282,3.3653846153846154,-18.0,-12.0,2.8,18.4,1,8.5,44.0,14.0,2.79,3.53,1.05,1.89,0.75,60.0,428.0,0.0,18.450753417132233,20.0,45.53191489361702,64.58625525946705,-27.3,High,30.9,One97Communications(Paytm),Fintech,one97_communications_paytm_9
24.6,18.4,18.4,10.8,22.4,24.6,0.32,8.4,2.2,1.08,38.0,62.0,62.4,100.0,0.0,7.244941546337007,5.0359712230215825,22.0,28.0,3.2,17.2,9,7.8,36.0,14.0,101.4,44.8,7.4,51.75,0.09,65.0,62.0,55.739038995120396,45.379500917685725,32.5,61.80152197546203,24.980520492441954,21.0,Low,52.4,CampusActivewear,Retail,campus_activewear_10
18.6,22.4,16.8,10.2,24.6,22.8,0.44,8.6,2.4,1.24,42.0,48.0,70.2,48.0,52.0,6.628041376179533,5.095541401273886,28.0,32.0,4.8,15.6,5,8.2,38.0,28.0,158.4,82.1,10.8,74.7,0.07,68.0,48.0,55.340116134864424,42.12859541173704,35.0,61.34570585494642,32.289231728221914,35.5,Low,54.5,HarshaEngineersInternational,Manufacturing,harsha_engineers_international_11
42.6,-24.8,2.4,-28.4,-18.6,-14.2,1.12,-2.8,2.0,1.18,18.0,6.0,8.0,44.0,56.0,9.3350328159335,5.121293800539084,4.0,6.0,3.8,14.6,9,8.8,44.0,8.0,6.8,2.4,0.9,3.59,0.58,74.0,284.0,19.811873407071104,43.576661879976214,22.5,47.32722472433608,67.04846501480444,5.6,Medium,45.5,SwiggyLtd,Food&Delivery,swiggy_ltd_12
28.4,38.6,22.4,14.8,32.4,28.6,0.18,14.2,3.2,1.12,32.0,38.0,72.0,38.0,62.0,6.391917113392602,10.576923076923077,62.0,72.0,5.6,14.2,5,9.0,42.0,18.0,200.0,200.0,41.2,200.0,0.06,82.0,124.0,61.71516863521579,55.85816082453964,60.0,67.83817362944556,41.592644537946086,84.6,Low,63.8,MTARTechnologies,Manufacturing,mtar_technologies_13
42.6,58.4,24.2,16.8,38.4,42.6,0.08,22.4,4.2,1.28,28.0,4.0,53.0,36.0,64.0,6.555356891810665,0.6060606060606061,88.0,98.0,4.2,15.8,9,9.0,46.0,14.0,150.98,150.98,8.21,150.98,0.06,88.0,168.0,68.96159827233603,74.39147669479104,82.5,75.85184034788011,63.95511921458626,111.2,Low,73.7,HappiestMindsTechnologies,ITServices,happiest_minds_technologies_14
38.4,48.6,44.8,32.4,42.6,38.8,0.04,28.4,4.8,0.98,22.0,28.0,75.0,38.0,62.0,7.344072850573066,2.272727272727273,78.0,86.0,8.2,13.6,5,9.2,44.0,18.0,170.2,114.2,12.8,93.3,0.06,84.0,142.0,76.37009408590248,67.44917617396028,100.0,81.53905886007144,50.65451145395045,97.2,Low,73.5,CleanScienceandTechnology,Manufacturing,clean_science_and_technology_15
32.6,42.4,32.8,22.6,36.4,34.2,0.12,22.8,3.8,0.84,28.0,38.0,74.0,28.0,72.0,6.2166061010848646,0.9319664492078285,72.0,82.0,7.4,14.2,2,9.2,42.0,12.0,180.0,180.0,22.4,180.0,0.06,82.0,96.0,68.51822336350159,60.578239123148165,72.5,76.00403789408294,40.361539660277394,96.2,Low,66.9,TatvaChintanPharmaChem,Healthcare,tatva_chintan_pharma_chem_16
28.4,38.6,28.4,18.2,32.6,28.8,0.22,12.4,3.4,0.72,38.0,42.0,55.0,28.0,72.0,5.147494476813453,6.0606060606060606,128.0,148.0,7.2,15.2,5,8.8,44.0,14.0,304.26,304.26,108.44,304.26,0.04,85.0,84.0,63.7951151161799,55.85816082453964,57.49999999999999,65.9830719055754,31.385382577528446,185.4,Low,63.7,ParasDefenceandSpaceTechnologies,Manufacturing,paras_defence_and_space_techno_17
38.4,48.6,38.2,28.4,42.6,38.8,0.08,28.4,4.2,1.42,18.0,4.0,62.0,22.0,78.0,7.347299700743164,5.142857142857142,68.0,78.0,6.4,13.8,1,9.0,44.0,14.0,175.4,41.2,22.8,86.99,0.08,84.0,142.0,74.17605386353492,67.44917617396028,82.5,81.32629290262463,71.02228455664641,89.8,Low,76.5,TBOTek,Fintech,tbo_tek_18
58.4,72.6,22.4,14.8,28.6,26.4,0.62,6.4,1.8,1.38,28.0,32.0,68.0,18.0,82.0,8.371473537066832,5.325858444288718,52.0,62.0,5.8,14.2,9,9.0,44.0,14.0,150.2,42.8,14.6,76.34,0.08,78.0,184.0,59.829185687654274,92.11268835428305,22.5,58.380959776362786,50.10908524232508,70.2,Low,63.3,WaareeEnergies,RenewableEnergy,waaree_energies_19
48.6,62.4,18.4,12.2,22.4,20.8,0.78,5.2,1.6,1.42,32.0,38.0,58.0,8.0,92.0,7.9483852851118995,5.386416861826698,62.0,72.0,6.2,14.2,9,9.0,44.0,14.0,201.3,36.4,16.2,74.11,0.06,80.0,156.0,54.72095187390828,80.60534516370268,15.0,56.43500543562666,45.21583294374318,88.6,Low,60.4,PremierEnergies,RenewableEnergy,premier_energies_20
28.4,34.6,26.4,18.2,32.6,30.4,0.14,18.4,3.2,1.18,42.0,12.0,48.0,22.0,78.0,7.519149957669823,8.4070796460177,32.0,38.0,5.4,14.2,2,9.0,42.0,22.0,157.8,28.4,9.8,68.8,0.08,76.0,118.0,63.87880816174344,54.376679343058164,55.0,71.88305637521353,50.9194327567399,40.4,Low,64.9,IndegeneLimited,Healthcare,indegene_limited_21
22.4,28.6,12.8,7.6,18.4,16.2,0.32,8.4,1.8,1.68,18.0,28.0,44.0,30.0,70.0,7.243512974665482,20.0,22.0,28.0,4.8,15.6,2,8.8,40.0,16.0,151.2,26.4,5.4,52.59,0.08,72.0,88.0,49.89854898778509,47.42207013340577,22.5,61.80152197546203,61.259155368552285,42.2,Low,58.8,MedplusHealthServices,Healthcare,medplus_health_services_22
28.4,18.6,16.4,8.2,14.6,12.8,0.84,4.8,0.8,1.62,8.0,12.0,26.0,26.0,74.0,7.516977224604321,4.651162790697675,38.0,46.0,7.2,13.6,6,8.8,40.0,10.0,180.4,71.2,18.4,112.0,0.06,74.0,142.0,48.52845264911828,48.45075341713223,0.0,55.7508929958068,74.51301231104878,47.4,Low,61.4,DevyaniInternational,Consumer,devyani_international_23
38.6,28.4,14.2,8.4,12.6,11.8,0.18,8.4,3.2,0.62,28.0,4.0,38.0,28.0,72.0,6.369900982828227,0.09090909090909091,62.0,74.0,5.8,15.2,9,8.8,42.0,18.0,175.46,175.46,87.8,175.46,0.06,80.0,128.0,47.1293686711755,60.12544092539314,55.0,62.54620282652586,55.98410472183264,79.6,Low,58.8,NazaraTechnologies,ITServices,nazara_technologies_24
28.4,34.6,42.8,28.4,38.6,36.4,0.08,28.4,4.8,0.82,22.0,4.0,62.0,20.0,80.0,6.947937068614969,3.3000000000000003,46.0,54.0,6.2,14.8,9,9.0,44.0,22.0,154.71,154.71,117.8,154.71,0.06,82.0,98.0,73.19691114200735,54.376679343058164,100.0,81.32629290262463,61.62537011064361,53.4,Low,73.5,MapmyIndia(CEInfoSystems),ITServices,mapmyindia_ce_info_systems_25
28.4,38.6,28.4,18.2,34.6,32.8,0.12,22.4,4.2,0.58,38.0,42.0,56.0,18.0,82.0,6.3784261836515865,5.405405405405405,58.0,68.0,4.8,15.6,5,9.0,42.0,18.0,119.71,119.71,100.2,119.71,0.06,78.0,72.0,65.73510614121227,55.85816082453964,77.5,75.63907439043331,29.694561321489797,75.4,Low,62.2,DataPatternsIndia,Manufacturing,data_patterns_india_26
18.4,22.6,6.4,4.2,16.4,14.8,0.68,4.8,1.4,1.84,28.0,28.0,44.0,24.0,76.0,8.188966863648876,5.5045871559633035,18.0,24.0,4.2,17.2,6,8.8,38.0,28.0,22.4,18.8,8.4,17.37,0.32,65.0,156.0,46.782682526737894,42.04492325289677,9.999999999999998,56.60195682559404,57.81517843228924,44.2,Low,54.5,AdaniWilmar,Consumer,adani_wilmar_27
28.4,34.6,22.4,8.4,14.6,12.8,8.4,1.8,1.2,0.12,0.0,0.0,64.0,8.0,92.0,6.139884552226255,5.263157894736842,18.0,24.0,3.8,16.4,4,7.8,36.0,18.0,110.4,42.8,14.6,73.36,0.08,68.0,72.0,49.912884876063984,54.376679343058164,4.999999999999999,12.800900760987735,67.14975845410628,33.2,Low,58.8,ESAFSmallFinanceBank,BFSI,esaf_small_finance_bank_28
18.4,22.6,28.4,18.6,22.4,24.8,0.08,18.4,3.8,0.62,28.0,8.0,56.0,42.0,58.0,6.796823718274855,1.7241379310344827,14.0,18.0,5.6,14.8,2,8.8,40.0,16.0,68.4,22.8,4.8,30.47,0.12,68.0,68.0,59.43885028245417,42.04492325289677,72.5,72.20220531138375,53.83356708742403,28.4,Low,60.9,VijayaDiagnosticsCentre,Healthcare,vijaya_diagnostics_centre_29
22.4,28.6,24.8,14.6,12.4,10.8,5.8,2.2,1.4,0.18,0.0,0.0,72.0,42.0,58.0,8.006700845440367,5.0,12.0,16.0,4.2,15.6,4,8.5,40.0,18.0,58.4,14.2,4.4,25.49,0.16,65.0,88.0,50.219315366579394,47.42207013340577,9.999999999999998,26.995651498679923,67.8743961352657,20.2,Low,58.2,AadharHousingFinance,BFSI,aadhar_housing_finance_30
14.6,18.4,38.4,18.4,18.6,22.4,1.28,4.8,1.2,0.28,18.0,8.0,70.0,100.0,0.0,8.360773272144936,5.166051660516605,18.0,22.0,5.2,14.2,9,9.0,40.0,32.0,68.4,18.4,5.2,29.87,0.14,70.0,168.0,59.69889074343854,37.49218927196878,7.499999999999998,53.410467463891905,55.10363098020881,26.8,Low,61.9,BhartiHexacom,ITServices,bharti_hexacom_31
18.4,22.6,16.8,10.4,22.4,26.4,0.08,22.4,2.8,1.12,38.0,62.0,42.0,36.0,64.0,7.221105098182496,3.0927835051546393,12.0,16.0,5.4,14.8,9,8.8,40.0,22.0,45.8,17.4,4.2,23.05,0.16,65.0,84.0,55.90830403763184,42.04492325289677,45.0,75.85184034788011,25.463612279881563,19.8,Medium,52.5,MetroBrands,Retail,metro_brands_32
18.4,22.6,14.8,8.6,18.4,16.8,0.62,6.4,1.4,0.68,42.0,28.0,22.0,18.0,82.0,6.871091294610546,0.0,8.0,12.0,6.2,15.4,7,8.5,40.0,18.0,204.2,81.4,12.6,102.58,0.06,68.0,88.0,50.7257460937367,42.04492325289677,9.999999999999998,58.380959776362786,36.27863487611034,17.6,Medium,53.0,GRInfraprojects,Infrastructure,gr_infraprojects_33
18.4,22.6,98.4,88.4,12.4,10.8,9.4,1.6,1.2,0.08,0.0,0.0,100.0,100.0,0.0,8.441175704992322,4.0,4.0,6.0,-1.4,18.4,4,8.0,32.0,35.0,5.2,3.12,1.88,3.49,0.42,58.0,142.0,79.86977113832563,42.04492325289677,10.0,7.299270072992702,66.66666666666667,11.2,Medium,70.7,IRFC,BFSI,irfc_34
42.6,58.4,28.4,18.6,38.4,36.2,0.04,28.4,4.8,1.42,18.0,4.0,72.0,28.0,72.0,6.236369590203704,0.5376344086021506,12.0,16.0,4.8,16.2,6,8.5,42.0,10.0,159.31,159.31,24.2,159.31,0.06,68.0,96.0,68.09211181604653,74.39147669479104,100.0,81.53905886007144,71.02228455664641,16.4,Medium,68.7,EaseMyTrip,Consumer,ease_my_trip_35
14.6,18.4,12.4,6.8,16.4,14.8,0.44,6.4,1.8,0.94,38.0,42.0,58.0,58.0,42.0,6.025865973825314,0.26041666666666663,8.0,10.0,3.8,17.2,6,7.8,36.0,22.0,17.4,8.6,2.8,10.71,0.28,62.0,52.0,48.593251117319966,37.49218927196878,17.5,59.338406584873425,34.04238740844632,12.2,Medium,49.7,StoveKraft,Consumer,stove_kraft_36
18.4,14.6,14.2,6.4,12.4,10.8,1.42,3.8,0.8,1.48,8.0,14.0,28.0,28.0,72.0,7.637234388789473,0.0,6.0,8.0,5.6,15.4,6,8.5,40.0,14.0,10.4,5.6,2.0,5.96,0.38,62.0,124.0,46.38025593230863,39.08196028993381,0.0,51.753377853703995,71.74692223780583,15.2,Medium,56.1,SapphireFoodsIndia,Consumer,sapphire_foods_india_37
14.6,18.4,22.4,14.2,22.4,20.6,0.22,14.4,2.8,0.92,42.0,38.0,48.0,28.0,72.0,6.68586094706836,2.0715630885122414,4.0,6.0,4.2,16.4,5,8.0,38.0,18.0,76.4,22.8,8.2,37.53,0.09,62.0,62.0,55.90867941914482,37.49218927196878,45.0,67.80788942382358,33.80084151472651,8.6,Medium,53.3,SJSEnterprises,Manufacturing,sjs_enterprises_38
18.4,22.6,28.4,14.6,18.4,16.8,0.42,8.4,2.2,0.62,28.0,8.0,46.0,34.0,66.0,7.102499355774649,2.980132450331126,6.0,8.0,6.2,14.8,2,8.8,40.0,12.0,128.4,42.8,8.6,64.4,0.06,62.0,72.0,54.848640959662134,42.04492325289677,32.5,61.26960708184501,53.83356708742403,9.2,Medium,56.8,KrsnaaDiagnostics,Healthcare,krsnaa_diagnostics_39
12.4,14.6,38.4,28.6,34.6,32.4,0.04,48.4,3.8,0.82,22.0,4.0,60.0,60.0,40.0,7.716460800176355,0.08136696501220504,14.0,18.0,4.8,16.4,1,9.0,38.0,18.0,46.99,46.99,13.4,46.99,0.07,70.0,88.0,69.69656515581877,34.34957330250365,72.5,99.7872340425532,61.62537011064361,18.6,Medium,68.2,CAMS-ComputerAgeManagementServices,Fintech,cams_computer_age_management_s_40
14.6,18.4,14.8,8.4,12.4,10.8,0.18,8.4,1.8,0.48,28.0,8.0,100.0,100.0,0.0,6.709304340258298,1.0752688172043012,8.0,10.0,2.8,18.4,9,8.5,38.0,24.0,96.4,22.4,5.8,42.4,0.1,62.0,84.0,46.870261655003205,37.49218927196878,22.5,62.54620282652586,52.14274583138538,11.8,Medium,52.5,RailTelCorporation,ITServices,railtel_corporation_41
28.4,-12.4,12.4,-8.6,-4.2,-2.8,1.28,-1.4,0.8,1.68,8.0,16.0,52.0,20.0,80.0,6.698268054115413,1.694915254237288,78.0,86.0,-4.2,22.4,6,9.0,44.0,16.0,156.65,156.65,18.6,156.65,0.06,78.0,124.0,33.743635226153145,36.96927193565075,0.0,47.753533157322565,73.0871123577996,91.8,Low,54.9,BurgerKingIndia,Consumer,burger_king_india_42
22.4,38.6,22.4,18.2,28.4,32.6,0.04,38.4,4.2,0.62,14.0,2.0,62.0,18.0,82.0,6.1675164908883415,0.30927835051546393,16.0,20.0,5.8,15.6,3,8.8,40.0,24.0,42.6,26.4,7.8,33.68,0.14,72.0,96.0,62.43887976696922,51.12577383710948,87.5,90.66314645131231,64.58625525946705,21.2,Low,65.7,IndiaMartInterMesh,E-Commerce,indiamart_intermesh_43
28.4,34.6,42.4,28.6,14.6,12.8,4.8,2.8,1.4,0.14,0.0,0.0,74.0,24.0,76.0,7.930565854233965,2.023121387283237,10.0,14.0,5.6,14.8,4,8.5,40.0,14.0,34.4,9.4,3.2,17.21,0.18,65.0,72.0,57.99593548103455,54.376679343058164,12.499999999999998,32.862245690324585,67.39130434782608,17.2,Medium,62.0,AptusValueHousingFinance,BFSI,aptus_value_housing_finance_44
8.4,-22.4,12.4,-8.4,-4.2,-2.8,0.08,-2.4,4.8,0.38,18.0,4.0,46.0,100.0,0.0,8.006367567650246,2.082018927444795,-6.0,-2.0,7.2,13.8,3,8.0,40.0,14.0,30.4,18.6,6.4,20.29,0.22,60.0,68.0,33.77914658978951,17.490944940513167,100.0,53.22410312160273,58.461898083216454,-9.8,High,46.6,CarTradeTech,E-Commerce,cartrade_tech_45
18.4,-12.4,6.4,-2.8,-1.8,-0.8,0.12,-0.6,1.2,0.18,0.0,0.0,58.0,48.0,52.0,8.88875674784872,0.0,-4.0,-2.0,-1.4,17.6,9,9.0,44.0,14.0,93.4,56.2,14.6,79.28,0.06,55.0,198.0,34.81919980500386,29.08196028993381,7.499999999999998,54.65367293057928,67.8743961352657,-6.8,High,47.5,StarHealthandAlliedInsurance,Insurance,star_health_and_allied_insuran_46
8.4,-18.4,12.4,4.8,4.2,3.8,1.84,2.4,1.4,0.22,62.0,0.0,58.0,60.0,40.0,6.398594934535208,4.424778761061947,-8.0,-4.0,-2.4,19.8,7,7.5,36.0,28.0,5.72,4.64,2.82,5.74,0.42,50.0,62.0,40.87085889492549,18.97242642199465,9.999999999999998,48.24196303773878,35.02415458937198,-12.4,High,42.4,ShriramProperties,Infrastructure,shriram_properties_47
8.4,-14.6,18.4,4.8,4.2,3.8,1.62,2.2,1.4,0.62,42.0,28.0,58.0,58.0,42.0,8.517393171418904,1.7857142857142856,-2.0,0.0,3.2,16.8,7,8.0,38.0,52.0,2.26,2.16,2.44,2.73,0.62,52.0,84.0,42.21977975823485,20.379833829402056,9.999999999999998,49.22969405187141,35.55399719495092,-3.8,High,43.8,NuvocoVistasCorporation,Infrastructure,nuvoco_vistas_corporation_48
14.6,8.4,14.2,8.4,12.4,10.8,0.42,6.4,1.8,0.88,38.0,42.0,52.0,52.0,48.0,5.996452088619021,2.6785714285714284,-4.0,-2.0,3.4,16.8,2,7.8,38.0,20.0,12.42,9.84,3.12,10.62,0.32,52.0,48.0,46.73536956867227,33.788485568265074,22.5,59.444789563596835,33.3177497272869,-10.8,High,45.6,WindlasBiotech,Healthcare,windlas_biotech_49
8.4,-18.4,8.4,2.4,4.2,3.8,2.84,1.4,1.2,0.62,48.0,42.0,46.0,68.0,32.0,6.523562306149512,5.421686746987952,-22.0,-14.0,0.8,18.6,1,7.5,36.0,24.0,0.42,0.88,1.48,1.48,0.82,42.0,52.0,39.54544195574957,18.97242642199465,4.999999999999999,42.01040534244448,24.8013090229079,-39.2,High,37.3,AGSTransactTechnologies,Fintech,ags_transact_technologies_50
28.4,38.6,38.4,26.4,36.4,34.2,0.28,18.4,3.8,0.88,32.0,42.0,62.0,22.0,78.0,6.2166061010848646,3.3962264150943398,88.0,96.0,7.2,14.2,2,9.0,42.0,14.0,71.52,71.52,44.2,71.52,0.06,84.0,84.0,70.45193207834791,55.85816082453964,72.5,71.13837552414971,36.543556178899806,116.4,Low,67.7,SupriyaLifescience,Healthcare,supriya_lifescience_51
22.4,14.6,14.8,4.8,8.4,7.2,0.18,4.8,1.4,0.18,0.0,0.0,48.0,52.0,48.0,7.869019376499023,5.426356589147287,2.0,4.0,3.8,15.4,9,8.8,40.0,14.0,20.4,8.6,2.8,13.41,0.28,58.0,96.0,43.817741726150565,42.23688494822059,12.499999999999998,59.26153129367914,67.8743961352657,4.8,Medium,52.9,GoDigitGeneralInsurance,Insurance,go_digit_general_insurance_52
14.6,8.4,8.4,3.8,8.4,7.2,1.28,3.2,1.4,0.68,48.0,38.0,66.0,34.0,66.0,8.599878558034845,5.227272727272727,-4.0,-2.0,2.8,15.8,7,8.5,40.0,58.0,3.82,2.14,0.98,2.64,0.64,52.0,128.0,42.20133598710544,33.788485568265074,9.999999999999998,51.95061344929337,27.676484338475927,-8.6,High,42.2,AfconsInfrastructure,Infrastructure,afcons_infrastructure_53
18.4,22.6,28.4,14.8,8.4,7.8,2.42,2.8,1.2,0.18,0.0,0.0,100.0,100.0,0.0,9.210440366976517,5.88235294117647,0.0,2.0,4.2,15.2,9,8.5,38.0,44.0,2.5,2.08,2.4,2.55,0.64,55.0,168.0,48.85086386480328,42.04492325289677,7.499999999999998,45.52182015840969,67.8743961352657,3.2,Medium,54.5,NTPCGreenEnergy,RenewableEnergy,ntpc_green_energy_54
18.4,22.6,24.8,14.2,12.4,10.8,0.42,8.4,1.8,0.62,32.0,8.0,0.0,100.0,0.0,7.653494909661253,7.142857142857142,2.0,4.0,3.8,15.4,2,8.5,40.0,18.0,4.82,2.68,1.14,3.06,0.52,58.0,88.0,50.14829263930666,42.04492325289677,22.5,61.26960708184501,51.68302945301543,5.2,Medium,52.8,SagilityIndia,Healthcare,sagility_india_55
18.4,22.6,22.4,8.4,8.4,7.2,7.84,1.6,1.2,0.12,0.0,0.0,40.0,34.0,66.0,6.3473892096560105,5.343511450381679,4.0,6.0,2.8,16.8,4,7.8,36.0,20.0,16.4,6.8,2.4,9.41,0.34,58.0,62.0,46.16557936513029,42.04492325289677,4.999999999999999,15.597142413418236,67.14975845410628,9.8,Medium,53.9,JanaSmallFinanceBank,BFSI,jana_small_finance_bank_56
22.4,28.6,18.4,8.4,12.4,10.8,3.84,2.8,1.4,0.18,0.0,0.0,58.0,28.0,72.0,5.0238805208462765,5.263157894736842,4.0,6.0,3.2,16.4,4,7.5,36.0,14.0,42.4,14.8,4.2,22.4,0.18,60.0,42.0,47.679614172988806,47.42207013340577,9.999999999999998,37.96862866904799,67.8743961352657,7.8,Medium,55.4,ManbaFinance,BFSI,manba_finance_57
14.6,8.4,18.4,6.4,8.4,7.2,6.84,1.4,1.2,0.12,0.0,0.0,52.0,18.0,82.0,6.439350371100098,5.592105263157895,-2.0,0.0,2.4,16.8,4,7.8,36.0,14.0,3.84,2.62,1.42,2.86,0.52,54.0,48.0,44.91118515322709,33.788485568265074,4.999999999999999,20.733809597763635,67.14975845410628,-4.8,High,52.1,FincareSmallFinanceBank,BFSI,fincare_small_finance_bank_58
18.4,22.6,18.4,10.4,18.4,16.8,0.62,8.4,1.8,0.88,42.0,48.0,50.0,18.0,82.0,6.90875477931522,5.079365079365079,4.0,6.0,4.2,15.6,5,8.5,40.0,28.0,178.2,28.4,8.8,59.49,0.08,62.0,68.0,51.854700884449585,42.04492325289677,22.5,60.20577729461096,27.94140564126539,8.2,Medium,50.1,JyotiCNCAutomation,Manufacturing,jyoti_cnc_automation_59
22.4,28.6,18.4,12.4,22.4,20.8,0.28,12.4,2.4,1.24,38.0,42.0,62.0,18.0,82.0,7.0909098220799835,5.333333333333334,32.0,38.0,6.4,14.2,6,9.0,42.0,28.0,154.4,68.4,18.2,93.84,0.06,74.0,84.0,54.75646323754464,47.42207013340577,35.0,65.66392296940519,37.66557581424342,43.2,Low,57.1,DOMSIndustries,Consumer,doms_industries_60
18.4,22.6,22.4,14.8,28.4,26.6,0.18,14.4,2.8,1.28,38.0,28.0,22.0,28.0,4.8,2.760009940032921,0.0,38.0,68.0,78.0,15.6,6,8.5,40.0,18.0,185.2,54.8,16.4,91.07,0.06,68.0,88.0,59.835186585151035,42.04492325289677,45.0,68.02065538127039,45.67554932211314,24.4,Low,59.5,CelloWorld,Consumer,cello_world_61
18.4,22.6,22.4,12.8,18.4,16.8,0.84,6.4,1.8,0.82,38.0,38.0,24.0,30.0,5.4,2.760009940032921,0.0,38.0,70.0,118.0,15.6,2,8.5,40.0,18.0,155.8,28.4,8.8,66.79,0.06,68.0,88.0,53.18011782362551,42.04492325289677,22.5,57.21074701040534,34.74364968053607,32.6,Low,53.9,EmcurePharmaceuticals,Healthcare,emcure_pharmaceuticals_62
38.4,48.6,18.4,8.4,12.4,10.8,0.08,12.4,3.4,1.28,14.0,2.0,42.0,30.0,70.0,6.608000625296087,2.2222222222222223,18.0,24.0,6.4,14.2,1,9.0,42.0,14.0,186.4,52.8,14.8,98.35,0.06,72.0,124.0,47.679614172988806,67.44917617396028,62.49999999999999,66.72775275663923,72.55726975222068,24.8,Low,60.0,LeTravenuesTechnology(Ixigo),Fintech,le_travenues_technology_ixigo_63
28.4,38.6,18.4,12.2,22.4,20.8,0.32,12.4,2.4,1.12,38.0,42.0,36.0,42.0,5.8,2.7212954278522306,0.0,28.0,74.0,96.0,15.6,5,8.5,40.0,18.0,121.17,121.17,108.4,121.17,0.06,68.0,88.0,54.72095187390828,55.85816082453964,35.0,65.45115701195839,36.216300451924575,45.8,Low,55.0,ExicomTele-Systems,Manufacturing,exicom_tele_systems_64
14.6,18.4,18.4,10.4,18.4,16.8,0.22,12.4,2.8,0.82,28.0,12.0,62.0,38.0,62.0,6.049733455231958,6.666666666666667,8.0,10.0,4.2,15.6,6,8.0,38.0,52.0,108.4,18.4,5.8,43.2,0.1,62.0,52.0,51.854700884449585,37.49218927196878,45.0,65.9830719055754,54.098488390213504,12.2,Medium,55.3,RKSwamy,Consumer,r_k_swamy_65
18.4,14.6,4.8,2.4,14.6,12.8,0.62,6.4,1.4,2.84,14.0,28.0,38.0,22.0,78.0,6.398594934535208,5.084745762711865,4.0,6.0,4.8,15.6,9,8.0,38.0,22.0,14.4,8.6,2.6,9.41,0.32,60.0,62.0,44.89070943459898,39.08196028993381,9.999999999999998,58.380959776362786,77.41935483870968,9.4,Medium,55.9,RashiPeripherals,ITServices,rashi_peripherals_66
29.67509342252045,19.688490445401143,33.03518379890263,20.66675161257369,30.528245580489727,37.01792965574426,0.3053126176123748,9.205586995855006,2.1827220321820398,1.2602371151298803,49.14881256805163,36.14731402457792,73.78450301307272,29.001481780274943,70.99851821972506,6.375304509163818,3.502547505753274,35.378440911368486,36.56181541697982,8.715889170883568,15.058157627035374,7,8.7227352589656,35.27874818429977,9.755187843087604,85.03166442894668,18.88007480729796,9.140995509125442,25.8782428970568,0.1093972750562782,72.55256364476847,193.0,67.38607338064995,49.85960394662233,37.00436786964809,62.614670981118856,35.06260552875078,54.49596527487134,Low,62.5,SyntheticIPO100(Infr),Infrastructure,synthetic_ipo_100_infr_67
12.89119398689984,-7.374235483229192,9.971430223585518,-11.646066768379766,3.146962756862738,-2.324209305111085,0.3342753441154669,1.360657567285397,1.3758666994077835,1.2761941416271072,31.591210304951986,30.378095366150717,27.944410185608067,53.50019873161985,46.49980126838015,6.491738871741115,5.569516546033042,-7.751422512266837,-9.011486309819151,-0.3331488560139224,12.641643141995166,9,8.274622683673185,45.97728595243012,19.424257360705653,9.13849109084705,2.5196765218656987,1.0871575254531414,3.4373771934580257,0.9198299019115808,65.93929573481276,24.0,35.04393652805716,26.59838757329244,18.60204002012038,55.302831599914114,47.79662481078331,-13.59977029031126,High,46.9,SyntheticIPO101(Rene),RenewableEnergy,synthetic_ipo_101_rene_68
12.714183618580932,14.0999529498215,12.821676920609567,6.0913105300083545,8.824962126465762,16.43486240392791,0.7942239976717727,8.339593528089832,1.1378083778559756,1.0950942409329112,29.08775066454808,6.30913218417318,61.315391525619006,43.03029030981153,56.96970969018847,6.63443052462121,5.207809787994089,8.61361350364677,9.537104424177006,2.8438676963977505,17.920924412372187,2,7.331732516546147,28.18143661446121,22.344236435458573,28.547989077948124,6.039670894000838,3.419115102776517,10.056888707200184,0.2924733359189758,61.20281789093601,20.0,46.809446575110755,34.41217710269912,10.309039646332574,59.22393850866121,59.89567677173326,13.654201900459292,Medium,53.7,SyntheticIPO102(Heal),Healthcare,synthetic_ipo_102_heal_69
12.199966839717652,7.183751504808733,15.814231130567324,-18.590334412095363,-17.28196991146238,-1.2072436504368385,2.168088996731663,2.7137421182990185,0.8953262756377375,0.943683645433446,53.989703461814656,30.35572851168017,56.94954336829343,43.60226502218868,56.39773497781132,9.72571089590031,6.532630187156806,-11.397515327497477,-12.356462561584872,5.270845849375343,12.961176714069024,6,6.398651081954953,38.67714191856252,11.87903200940192,11.619570849804846,2.299687397491999,0.4654413443264147,3.0437042910468857,0.95,36.8810887031337,38.0,29.30015111790525,31.4450422131185,6.153898710464843,46.78306985664658,31.750622130673985,-12.207885463743551,High,32.1,SyntheticIPO103(Cons),Consumer,synthetic_ipo_103_cons_70
5.007044014608479,-43.69887532834049,2.569739593453436,5.0,-3.43670574232537,6.827395110230576,0.7279065902141024,0.5495478709284936,1.333821660444624,1.4425154840239556,44.4313465769242,51.03633987993988,65.0,50.21503977396105,49.78496022603895,6.886174010195764,4.295556773711791,3.38489203736345,3.785404119852116,5.343304558410171,19.318005225120476,5,7.807960772884691,43.75506001091085,13.89072769166263,6.937062038491297,1.6053790853427985,0.4754646329374267,2.0273841818533382,0.95,37.16487386295569,77.0,37.38902826403432,6.926342470985003,14.464164547780324,52.46898478441868,31.79545453259708,-35.09619533645228,High,36.2,SyntheticIPO104(Manu),Manufacturing,synthetic_ipo_104_manu_71
13.92954317956512,19.263275772530083,39.78932576626637,14.922884720304396,26.9345014309121,39.69155433793762,0.3464990192033567,12.026974385702053,1.390593469788186,0.7216229553317188,34.64211774679251,31.637451869068325,64.94878133279929,26.731142029509748,73.26885797049025,6.073448396914345,4.523432464050299,48.43936371997334,54.138610205310336,8.211031301218416,17.014346311011778,1,9.12196939663843,52.69918485954195,16.454943207500996,311.9310197319774,99.60162844375778,27.18330393890013,126.03711728924998,0.05,89.25985489050973,125.0,67.68579978234835,37.28311085079588,14.541343911267958,64.9698529442902,38.78155896267545,21.0,Low,68.4,SyntheticIPO105(Fint),Fintech,synthetic_ipo_105_fint_72
5.755905987140977,9.274343888292108,30.0,17.384223056408352,10.88053989664708,12.56308319225412,0.7446815010771022,10.6175608626647,0.9131819018436036,1.3109350304246976,44.52149111699928,22.35765893154851,41.79282627158948,31.91707119864407,68.08292880135593,5.495180528776946,4.567781002790803,-5.0,-5.43308851774198,5.566222203762038,20.586092933216776,9,7.882336343580355,34.1051433725741,15.547221540578905,63.49309603533279,16.200014649180233,2.5763147853416406,20.738739961666862,0.3881513259519611,60.37334079455092,38.0,52.009536219738756,27.13670406765905,9.891963596916884,61.56589977578263,45.576499484248735,10.723918253022994,Medium,53.2,SyntheticIPO106(ITS),ITServices,synthetic_ipo_106_it_s_73
17.088005293679263,16.814051267193626,16.393019337757536,5.22336390590492,18.829231135270835,19.063579089099143,0.6659466042733603,7.000253179274242,1.6050996900588554,1.0610250048409875,60.07237959489736,0.0,41.898187530400136,51.32988523346616,48.67011476653384,9.144655702490057,3.88129910640352,11.221707212692085,12.07809150180366,4.409867193424975,14.523486442589336,9,8.4315079315339,41.17209385547231,15.480226217931149,46.16382390131393,8.549196796482919,6.204295653709481,14.80335011989254,0.1611786503762294,82.0,117.0,51.36906871733479,38.86716816515505,23.45864892728903,58.68423920358342,46.21781646762984,8.094610048202679,Medium,59.5,SyntheticIPO107(ITS),ITServices,synthetic_ipo_107_it_s_74
33.638280136981884,26.05769732252527,14.0,17.967972902284657,43.81880171331348,16.0,0.2408013481256729,8.735507446480256,1.8517145232326455,0.9732187308407196,20.41989211107776,20.22580236450588,61.65543827644123,56.00089189397917,43.99910810602083,7.9347523850789665,2.9111007537155085,54.56638104969267,68.26924580899271,7.20347595492504,20.861938472940405,6,9.01954333946479,47.84619752910916,3.0,197.27810081702444,40.06050764789779,17.27319058047705,45.1234167471484,0.0578931839685857,91.85849284327956,190.0,59.652826559882506,55.34445832938053,27.835881741724556,62.52891133324542,55.601808586472224,63.87981969061298,Low,68.5,SyntheticIPO108(Cons),Consumer,synthetic_ipo_108_cons_75
36.55312036106696,37.30513766669328,26.262256743010088,8.700639103713232,24.63087778082735,30.496075772409952,0.0,15.5218336451513,2.423291992921702,0.5765855672086362,36.124864545206336,50.2218332148846,65.72033573232578,38.277805707453865,61.722194292546135,7.957099324896388,5.111957403035404,80.40524204128019,82.46692709373612,3.609885279038589,14.942432402642924,7,9.095453161396678,45.06715091482796,27.998242469102948,52.69753090255258,21.30287139460521,6.551893297567894,19.45130534238405,0.1526276382387373,61.49409378556206,84.0,59.7759250196769,61.809202299851734,37.968589430448816,70.00167303389718,26.241121113659897,34.03208714263761,Low,53.6,SyntheticIPO109(Infr),Infrastructure,synthetic_ipo_109_infr_76
15.541165013240931,15.0,3.0914084444852747,4.934408856554839,5.281527790798322,5.418200668900619,1.3358706489071646,-2.007044584133028,1.3572563528438313,0.718130694852047,35.305828792528125,30.95164144985436,59.06381542275712,56.76141024277714,43.23858975722286,5.386542612932018,3.4105271404614514,-3.921195556569669,-4.635060373411204,4.752965728234728,17.68039925612756,1,6.498682228715088,43.83369099292055,23.300647056014668,12.656684051764916,3.0063117617514887,1.6127666239594858,4.68877038097064,0.6200525141975662,63.71460821832632,10.0,39.66942401045823,36.97525618965718,16.966845885448908,46.90247605888307,38.75126328733271,-12.572325698025676,High,46.7,SyntheticIPO110(Fint),Fintech,synthetic_ipo_110_fint_77
10.178146025571792,12.0,25.05966266137496,20.97711425214444,18.0,17.628221375401914,0.1482603339767235,17.7471694986387,1.259731743717492,0.7579997148765076,29.99149642439668,11.953713830654651,62.15115933617425,33.955801638837045,66.04419836116296,7.879998281231992,5.308101107832749,67.23043741776982,69.5547060708632,6.098788353852808,15.00674004793682,1,9.4767929447847,27.35275339321976,27.282969915684845,175.05655209324374,31.225283430173334,11.87559106999339,49.36644832338484,0.0842063350031264,88.62148905814153,115.0,55.3847082078219,31.63416486678168,11.736209289065453,71.24347016086344,52.303880711080296,70.63501767196338,Low,64.7,SyntheticIPO111(Fint),Fintech,synthetic_ipo_111_fint_78
23.47055691600388,11.348094623221964,17.17153112357306,14.603308277640837,13.943283094813724,6.615710915771341,0.9843777333732132,8.15013133954741,1.4896548608184574,0.83716870545987,33.73454242939857,30.77988474123073,50.16407457715317,51.9755178809259,48.0244821190741,5.812117279158767,4.4857744791851895,27.6081004810104,32.07832437035105,11.948924649718068,18.717980109721893,7,8.296114355990245,34.303271069266984,21.47708452450957,88.61228098359996,13.84372754807356,7.314070969608616,21.94394402738977,0.1367227641289227,82.0,72.0,47.57822855530394,41.87685715251393,20.197291584921665,58.03961550734718,41.12604035132754,8.486045272508756,Medium,56.6,SyntheticIPO112(Infr),Infrastructure,synthetic_ipo_112_infr_79
